egg.count,egg.dens,b.depth,lat,lon,time,salinity,flow,s.depth,temp.surf,temp.20m,net.area,country,vessel,vessel.haul,c.dist
0,0,4342,44.57,-4.65,8.23,35.72,417,104,15,15,0.242,SP,COSA,22,0.839514118
0,0,4334,44.57,-4.48,9.68,35.74,405,98,15.4,15.4,0.242,SP,COSA,23,0.859192634
0,0,4286,44.57,-4.3,10.9,35.74,377,101,15.9,15.9,0.242,SP,COSA,24,0.89301529
1,18.26,1438,44.02,-2.87,19.33,35.68,420,98,16.6,16.6,0.242,SP,COSA,93,0.395640869
4,90.16,166,44.02,-2.07,8.78,NA,354,101,16.7,16.7,0.242,SP,COSA,178,0.040008824
3,62.93,460,44.02,-2.13,9.42,35.17,373,100,16.6,16.6,0.242,SP,COSA,179,0.097423446
0,0,810,44.02,-2.27,10.53,NA,375,100,17.1,17.1,0.242,SP,COSA,181,0.236256657
1,23,887,44.02,-2.35,11,35.26,364,102,17.1,17.1,0.242,SP,COSA,182,0.316052431
0,0,946,44.02,-2.42,11.42,NA,375,100,17.3,17.3,0.242,SP,COSA,183,0.385943104
0,0,1012,44.02,-2.48,12,NA,362,100,16.9,16.9,0.242,SP,COSA,184,0.425422376
0,0,1011,44.12,-2.48,13.27,35.41,379,101,16.1,16.1,0.242,SP,COSA,185,0.461203178
0,0,969,44.12,-2.33,14.67,35.09,322,103,17.4,17.4,0.242,SP,COSA,186,0.318548345
0,0,929,44.12,-2.27,15.18,35.04,406,96,17.3,17.3,0.242,SP,COSA,187,0.262246582
2,36.35,847,44.12,-2.2,15.75,NA,416,93,17,17,0.242,SP,COSA,188,0.196561191
0,0,704,44.12,-2.13,16.27,NA,398,95,17.1,17.1,0.242,SP,COSA,189,0.130875799
1,19.3,266,44.12,-2.07,16.9,35.05,409,98,16.9,16.9,0.242,SP,COSA,190,0.074574036
3,58.71,181,44.37,-2.07,5.67,NA,411,98,17.1,17.1,0.242,SP,COSA,228,0.073706918
1,19.16,467,44.37,-2.13,6.25,35.13,432,99,17.3,17.3,0.242,SP,COSA,229,0.130851142
0,0,696,44.37,-2.2,7.17,NA,441,99,17.1,17.1,0.242,SP,COSA,230,0.197996723
0,0,1012,44.37,-2.35,8.08,35.6,440,96,17.1,17.1,0.242,SP,COSA,231,0.345487318
0,0,1335,44.62,-2.35,10.83,35.68,487,95,16.9,16.9,0.242,SP,COSA,232,0.342306709
0,0,922,44.62,-2.27,16.42,NA,431,101,17.5,17.5,0.242,SP,COSA,236,0.262306709
0,0,606,44.62,-2.18,17.17,NA,392,100,17.7,17.7,0.242,SP,COSA,237,0.172306709
0,0,539,44.62,-2.13,17.68,35.56,418,101,17.7,17.7,0.242,SP,COSA,238,0.122306709
2,42.46,883,44.62,-2.07,18.33,NA,409,101,17.6,17.6,0.242,SP,COSA,239,0.062306709
1,21.26,135,44.87,-2.07,8.58,35.41,405,102,17.4,17.4,0.242,SP,COSA,262,0.026874138
0,0,147,44.88,-2.13,9.25,NA,375,102,17.6,17.6,0.242,SP,COSA,263,0.039590803
0,0,268,44.87,-2.2,9.75,35.64,368,103,17.3,17.3,0.242,SP,COSA,264,0.080691085
1,19.81,783,44.87,-2.27,10.25,NA,435,105,17.1,17.1,0.242,SP,COSA,265,0.130425685
0,0,1892,44.87,-2.35,10.75,35.65,407,100,17.2,17.2,0.242,SP,COSA,266,0.193702968
0,0,2034,44.87,-2.42,11.58,NA,398,101,17.3,17.3,0.242,SP,COSA,267,0.229964598
0,0,2580,44.87,-2.48,12.08,NA,413,101,17.3,17.3,0.242,SP,COSA,268,0.249296156
0,0,2709,44.87,-2.55,12.58,35.54,399,101,17.1,17.1,0.242,SP,COSA,269,0.271376999
0,0,2681,44.87,-2.62,13.33,NA,386,104,17.3,17.3,0.242,SP,COSA,270,0.282334474
0,0,2879,44.87,-2.7,13.92,NA,413,104,17.2,17.2,0.242,SP,COSA,271,0.311043345
0,0,2852,44.87,-2.77,14.4,35.68,410,101,17.7,17.7,0.242,SP,COSA,272,0.319918833
0,0,3158,44.87,-2.83,14.95,NA,404,101,17.4,17.4,0.242,SP,COSA,273,0.323918808
0,0,2943,44.87,-2.9,15.6,NA,401,100,17.4,17.4,0.242,SP,COSA,274,0.337679344
0,0,3097,44.87,-2.97,16.1,35.68,429,101,17.7,17.7,0.242,SP,COSA,275,0.352667442
0,0,2249,44.98,-3.12,17.75,35.68,375,104,17.6,17.6,0.242,SP,COSA,276,0.306309393
0,0,1202,45.12,-3.27,19,35.68,402,101,17.1,17.1,0.242,SP,COSA,277,0.299633078
0,0,964,45.12,-3.2,23.62,NA,420,104,17,17,0.242,SP,COSA,278,0.25043122
0,0,161,45.12,-3.13,0.25,NA,416,101,17.3,17.3,0.242,SP,COSA,279,0.208877478
0,0,1039,45.12,-3.05,0.78,35.69,406,102,17.2,17.2,0.242,SP,COSA,280,0.153412199
1,21.96,242,45.12,-2.98,1.28,NA,396,104,17.3,17.3,0.242,SP,COSA,281,0.115707411
2,41.69,1159,45.12,-2.92,1.83,NA,413,102,17.4,17.4,0.242,SP,COSA,282,0.098536924
0,0,155,45.12,-2.85,2.33,35.68,415,97,17.1,17.1,0.242,SP,COSA,283,0.086699115
4,93.63,156,45.12,-2.77,3.08,NA,361,102,17.2,17.2,0.242,SP,COSA,284,0.070439518
0,0,306,45.12,-2.7,3.62,NA,403,101,17.3,17.3,0.242,SP,COSA,285,0.061408246
1,22.3,126,45.12,-2.63,4.12,35.66,390,104,17.3,17.3,0.242,SP,COSA,286,0.056802576
0,0,127,45.12,-2.55,4.68,NA,392,103,17.1,17.1,0.242,SP,COSA,287,0.02325074
0,0,125,45.12,-2.48,5.2,NA,405,98,17.1,17.1,0.242,SP,COSA,288,0.014696479
0,0,126,45.12,-2.42,5.72,35.55,373,101,17.5,17.5,0.242,SP,COSA,289,0.000336713
0,0,120,45.12,-2.35,9.08,NA,367,103,17.8,17.8,0.242,SP,COSA,290,0.029447181
0,0,120,45.12,-2.27,9.42,35.4,377,101,17.8,17.8,0.242,SP,COSA,291,0.056291357
1,22.12,116,45.12,-2.2,10.22,NA,415,103,18,18,0.242,SP,COSA,292,0.090700514
0,0,111,45.12,-2.13,10.67,NA,403,100,18.3,18.3,0.242,SP,COSA,293,0.133428066
0,0,104,45.12,-2.07,11.25,35.01,413,103,18.5,18.5,0.242,SP,COSA,294,0.180732536
0,0,100,45.12,-1.98,11.75,NA,375,95,18.6,18.6,0.242,SP,COSA,295,0.238802319
0,0,95,45.12,-1.92,12.25,NA,329,94,18.6,18.6,0.242,SP,COSA,296,0.262181456
0,0,79,45.12,-1.78,16.18,34.45,298,76,19.4,19.4,0.242,SP,COSA,297,0.341425044
0,0,71,45.12,-1.7,16.83,34.36,277,64,19.7,19.7,0.242,SP,COSA,298,0.399251784
2,46.74,60,45.12,-1.57,17.77,34.46,237,56,19.2,19.2,0.242,SP,COSA,299,0.506263017
0,0,52,45.12,-1.48,18.42,NA,199,49,18.9,18.9,0.242,SP,COSA,300,0.585821675
0,0,40,45.12,-1.42,18.83,34.38,143,38,19.1,19.1,0.242,SP,COSA,301,0.640398493
0,0,31,45.12,-1.35,19.33,NA,111,30,19.1,19.1,0.242,SP,COSA,302,0.705185997
0,0,26,45.12,-1.28,19.92,34.47,90,25,19,19,0.242,SP,COSA,303,0.770885433
0,0,27,45.18,-1.28,20.42,NA,96,26,19,19,0.242,SP,COSA,304,0.792713133
0,0,27,45.25,-1.28,21.17,34.57,96,27,18.8,18.8,0.242,SP,COSA,305,0.822989773
0,0,29,45.3,-1.28,21.75,NA,94,27,18.8,18.8,0.242,SP,COSA,306,0.847498456
0,0,29,45.37,-1.28,22.33,34.62,98,25,18.6,18.6,0.242,SP,COSA,307,0.885421757
0,0,35,45.37,-1.37,22.9,NA,141,27,18.5,18.5,0.242,SP,COSA,308,0.813072503
0,0,41,45.37,-1.42,23.42,34.49,143,34,18.5,18.5,0.242,SP,COSA,309,0.7744789
0,0,46,45.37,-1.48,0.08,NA,169,37,18.4,18.4,0.242,SP,COSA,310,0.729996145
0,0,51,45.37,-1.57,0.7,NA,203,44,18.3,18.3,0.242,SP,COSA,311,0.667839486
0,0,51,45.37,-1.63,1.25,34.32,203,41,18.3,18.3,0.242,SP,COSA,312,0.630147907
0,0,56,45.37,-1.72,1.92,NA,190,50,18.4,18.4,0.242,SP,COSA,313,0.579798406
0,0,66,45.37,-1.78,2.5,34.27,232,63,18.5,18.5,0.242,SP,COSA,314,0.548685053
0,0,74,45.37,-1.85,3,NA,256,70,18.4,18.4,0.242,SP,COSA,315,0.508769695
0,0,78,45.37,-1.92,3.53,34.43,281,75,18.4,18.4,0.242,SP,COSA,316,0.458624554
1,25.27,82,45.37,-1.98,4,NA,296,81,18.4,18.4,0.242,SP,COSA,317,0.420186123
0,0,92,45.37,-2.07,4.57,NA,334,85,18.3,18.3,0.242,SP,COSA,318,0.372164629
0,0,97,45.37,-2.13,5.08,35.23,345,95,18.4,18.4,0.242,SP,COSA,319,0.342784142
0,0,103,45.37,-2.2,5.73,NA,366,101,18.3,18.3,0.242,SP,COSA,320,0.31354037
0,0,102,45.52,-2.28,10.5,35.02,378,99,18.4,18.4,0.242,SP,COSA,321,0.42333351
0,0,99,45.62,-2.28,11.58,35.08,356,95,18.4,18.4,0.242,SP,COSA,322,0.518485633
0,0,92,45.62,-2.2,12.2,NA,369,90,18.5,18.5,0.242,SP,COSA,323,0.545012954
1,24.56,83,45.62,-2.12,12.67,NA,297,79,18.4,18.4,0.242,SP,COSA,324,0.575982296
4,89.82,79,45.62,-2.07,13.17,34.86,307,74,18.5,18.5,0.242,SP,COSA,325,0.593773987
0,0,31,45.43,-1.35,22.03,34.74,108,28,18.8,18.8,0.242,SP,COSA,366,0.866674326
4,93.04,34,45.3,-1.35,0.75,NA,116,30,18.1,18.1,0.242,SP,COSA,367,0.788210995
0,0,33,45.23,-1.35,1.25,34.63,113,29,18.3,18.3,0.242,SP,COSA,368,0.751903264
0,0,41,45.23,-1.42,1.87,NA,110,28,18.2,18.2,0.242,SP,COSA,369,0.691506658
1,23.3,50,45.23,-1.48,2.37,NA,165,42,18.3,18.3,0.242,SP,COSA,370,0.641294209
0,0,57,45.25,-1.57,2.82,34.33,203,49,18.7,18.7,0.242,SP,COSA,371,0.582537602
2,46.38,63,45.23,-1.63,3.23,NA,235,58,18.6,18.6,0.242,SP,COSA,372,0.524833569
3,51.3,68,45.25,-1.7,3.68,NA,297,55,18.4,18.4,0.242,SP,COSA,373,0.492391919
3,61.56,74,45.25,-1.78,4.23,34.4,288,64,18.4,18.4,0.242,SP,COSA,374,0.446447069
0,0,77,45.25,-1.85,4.82,NA,282,67,18.4,18.4,0.242,SP,COSA,375,0.409829124
0,0,84,45.23,-1.92,5.4,NA,309,81,18.3,18.3,0.242,SP,COSA,376,0.362898186
0,0,90,45.25,-1.98,5.92,34.9,307,87,18.2,18.2,0.242,SP,COSA,377,0.331920027
1,24.24,105,45.25,-2.13,6.67,NA,371,100,18.1,18.1,0.242,SP,COSA,378,0.238268664
0,0,108,45.37,-2.28,8.25,34.86,394,100,18.4,18.4,0.242,SP,COSA,379,0.284430481
0,0,108,45.37,-2.35,8.67,34.65,389,104,18.4,18.4,0.242,SP,COSA,380,0.25907446
1,22.65,112,45.37,-2.48,9.58,35.46,397,100,18.1,18.1,0.242,SP,COSA,381,0.230781501
0,0,120,45.37,-2.63,10.5,NA,271,103,18,18,0.242,SP,COSA,382,0.189252156
0,0,124,45.37,-2.7,11,NA,384,101,17.8,17.8,0.242,SP,COSA,383,0.183555282
0,0,133,45.37,-2.77,14.6,35.73,382,103,18.3,18.3,0.242,SP,COSA,384,0.174047535
1,21.31,130,45.37,-2.85,15.28,NA,401,95,18.1,18.1,0.242,SP,COSA,385,0.15628605
1,23.02,139,45.37,-2.92,15.72,35.36,395,102,18,18,0.242,SP,COSA,386,0.116820107
0,0,136,45.37,-2.98,16.32,NA,410,97,17.7,17.7,0.242,SP,COSA,387,0.081535108
1,20.47,147,45.37,-3.05,16.75,NA,384,94,17.3,17.3,0.242,SP,COSA,388,0.028882408
5,107.79,158,45.37,-3.13,17.22,NA,384,99,17.3,17.3,0.242,SP,COSA,389,0.016790237
0,0,178,45.37,-3.2,17.67,35.61,370,102,17.2,17.2,0.242,SP,COSA,390,0.052057902
0,0,592,45.37,-3.27,18.17,NA,376,100,17.3,17.3,0.242,SP,COSA,391,0.116108057
9,196.28,941,45.37,-3.35,18.62,35.7,387,100,17.4,17.4,0.242,SP,COSA,392,0.19439871
2,47.25,2570,45.37,-3.42,19.5,NA,368,103,17.4,17.4,0.242,SP,COSA,393,0.251259574
0,0,3200,45.37,-3.48,20.17,NA,375,101,17.5,17.5,0.242,SP,COSA,394,0.291093129
0,0,3527,45.37,-3.55,20.67,NA,375,102,17.6,17.6,0.242,SP,COSA,395,0.341789034
0,0,3611,45.37,-3.62,21.08,35.7,370,103,17.6,17.6,0.242,SP,COSA,396,0.388613998
0,0,3723,45.37,-3.7,21.5,NA,378,103,17.6,17.6,0.242,SP,COSA,397,0.436780645
0,0,3691,45.37,-3.83,22.2,NA,343,100,17.2,17.2,0.242,SP,COSA,398,0.517994607
0,0,3960,45.37,-3.98,22.9,35.69,346,91,17,17,0.242,SP,COSA,399,0.613023785
2,49.59,3789,45.52,-4.12,0.37,35.66,341,104,17,17,0.242,SP,COSA,400,0.597680187
5,112.71,3964,45.62,-4.27,1.48,35.63,368,104,16.8,16.8,0.242,SP,COSA,401,0.604230196
1,22.09,4015,45.62,-4.2,2.27,NA,379,103,17,17,0.242,SP,COSA,402,0.566716265
1,20.62,3498,45.62,-4.13,2.7,NA,387,101,16.7,16.7,0.242,SP,COSA,403,0.52951713
2,45.7,2602,45.62,-4.05,3.15,NA,363,103,16.9,16.9,0.242,SP,COSA,404,0.480485572
0,0,2183,45.62,-3.98,3.67,35.69,417,101,17,17,0.242,SP,COSA,405,0.425778442
0,0,1879,45.62,-3.92,5.02,NA,356,103,17.1,17.1,0.242,SP,COSA,406,0.380529904
1,21.21,2354,45.62,-3.85,5.47,NA,387,100,17.1,17.1,0.242,SP,COSA,407,0.333673526
1,23.48,1794,45.62,-3.78,5.92,35.61,360,103,17.1,17.1,0.242,SP,COSA,408,0.29512773
1,21.81,2101,45.62,-3.7,6.42,NA,373,101,16.9,16.9,0.242,SP,COSA,409,0.253266977
2,40.89,1294,45.62,-3.63,6.8,NA,394,101,16.8,16.8,0.242,SP,COSA,410,0.200372006
1,25.45,1144,45.62,-3.55,7.25,35.6,326,104,16.8,16.8,0.242,SP,COSA,411,0.146859822
0,0,419,45.62,-3.48,13.92,NA,251,66,17,17,0.242,SP,COSA,412,0.104714006
0,0,169,45.62,-3.42,14.33,NA,376,104,16.6,16.6,0.242,SP,COSA,413,0.068589021
0,0,148,45.62,-3.35,14.88,35.55,347,105,16.6,16.6,0.242,SP,COSA,414,0.024555272
1,21.82,136,45.62,-3.27,15.6,NA,373,103,16.7,16.7,0.242,SP,COSA,415,0.033385505
1,18.89,135,45.62,-3.2,16,NA,418,99,16.8,16.8,0.242,SP,COSA,416,0.071696885
0,0,139,45.62,-3.13,16.5,35.58,373,99,17,17,0.242,SP,COSA,417,0.102588002
1,18.53,133,45.62,-3.07,16.88,NA,435,103,16.6,16.6,0.242,SP,COSA,418,0.147611337
0,0,133,45.62,-2.98,17.42,35.58,402,101,17.3,17.3,0.242,SP,COSA,419,0.224110511
1,22.15,125,45.62,-2.92,17.95,35.62,381,100,17.4,17.4,0.242,SP,COSA,420,0.276248309
0,0,121,45.62,-2.77,18.92,NA,401,100,17.6,17.6,0.242,SP,COSA,421,0.403859887
0,0,121,45.62,-2.7,19.33,35.51,368,100,17.7,17.7,0.242,SP,COSA,422,0.432175784
0,0,117,45.62,-2.63,19.9,NA,388,100,17.8,17.8,0.242,SP,COSA,423,0.439134818
0,0,114,45.62,-2.57,20.4,NA,388,100,17.8,17.8,0.242,SP,COSA,424,0.444408672
0,0,112,45.62,-2.48,20.83,NA,413,99,18,18,0.242,SP,COSA,425,0.46482728
0,0,106,45.62,-2.42,21.27,35.06,408,99,18.2,18.2,0.242,SP,COSA,426,0.483071751
0,0,90,45.48,-2.2,23,NA,395,85,18.3,18.3,0.242,SP,COSA,427,0.418130242
0,0,82,45.52,-2.07,23.83,NA,349,74,18,18,0.242,SP,COSA,428,0.503336839
1,21.28,73,45.87,-2.07,17.33,NA,274,66,17.9,17.9,0.242,SP,COSA,443,0.826155082
0,0,77,45.87,-2.13,17.82,35.46,294,71,17.8,17.8,0.242,SP,COSA,444,0.803284885
5,117.62,79,45.87,-2.2,18.58,NA,294,79,17.8,17.8,0.242,SP,COSA,445,0.78097259
6,148.56,84,45.87,-2.28,19.03,NA,297,84,17.8,17.8,0.242,SP,COSA,446,0.75876255
0,0,91,45.87,-2.35,19.5,35.53,313,90,17.3,17.3,0.242,SP,COSA,447,0.741915033
0,0,98,45.87,-2.42,20.17,NA,352,89,17.4,17.4,0.242,SP,COSA,448,0.721887207
0,0,98,45.87,-2.48,20.67,NA,363,95,17.3,17.3,0.242,SP,COSA,449,0.707114982
0,0,101,45.87,-2.57,21,NA,365,97,17.3,17.3,0.242,SP,COSA,450,0.692475327
0,0,106,45.87,-2.7,21.93,35.57,384,102,16.7,16.7,0.242,SP,COSA,451,0.594133155
0,0,114,45.87,-2.85,22.67,NA,383,100,17.3,17.3,0.242,SP,COSA,452,0.476793649
1,19.92,120,45.87,-2.98,23.5,35.58,400,98,17,17,0.242,SP,COSA,453,0.393478206
0,0,123,45.87,-3.13,0.25,35.75,376,100,16,16,0.242,SP,COSA,454,0.307568693
0,0,135,45.87,-3.28,1,35.72,381,101,16.5,16.5,0.242,SP,COSA,455,0.215310971
0,0,138,45.87,-3.35,1.58,NA,376,101,16.5,16.5,0.242,SP,COSA,456,0.173165155
0,0,138,45.87,-3.42,2.08,NA,373,102,16.4,16.4,0.242,SP,COSA,457,0.117052398
0,0,139,45.87,-3.48,2.62,NA,374,101,16.4,16.4,0.242,SP,COSA,458,0.077667895
0,0,137,45.87,-3.57,3.17,35.74,364,102,16.3,16.3,0.242,SP,COSA,459,0.027800109
1,19.2,151,45.87,-3.63,3.82,NA,388,100,16.1,16.1,0.242,SP,COSA,460,0.003595456
1,20.25,180,45.87,-3.7,4.28,NA,375,103,16,16,0.242,SP,COSA,461,0.053327982
0,0,175,45.87,-3.78,4.93,NA,385,101,16.1,16.1,0.242,SP,COSA,462,0.117197621
1,19.9,934,45.87,-3.85,5.43,NA,378,100,16.2,16.2,0.242,SP,COSA,463,0.160365485
1,20.42,598,45.87,-3.92,5.85,35.62,372,99,16.4,16.4,0.242,SP,COSA,464,0.203268098
1,19.49,1003,45.87,-3.98,6.42,NA,386,99,16.3,16.3,0.242,SP,COSA,465,0.238701269
1,19.42,1972,45.87,-4.07,6.83,35.72,395,99,16.5,16.5,0.242,SP,COSA,466,0.285704767
0,0,2443,45.87,-4.13,7.25,NA,385,101,16,16,0.242,SP,COSA,467,0.318831364
0,0,2323,45.87,-4.2,7.83,NA,373,101,16.4,16.4,0.242,SP,COSA,468,0.364499342
3,61.33,3024,45.87,-4.28,8.33,35.71,379,100,16.5,16.5,0.242,SP,COSA,469,0.419677319
0,0,3463,45.87,-4.35,9.08,NA,390,101,16.5,16.5,0.242,SP,COSA,470,0.461854508
0,0,4097,45.87,-4.42,9.5,NA,389,99,16.5,16.5,0.242,SP,COSA,471,0.503601933
0,0,4142,45.87,-4.57,10.25,NA,393,99,16,16,0.242,SP,COSA,472,0.579097532
0,0,3640,45.87,-4.63,11.07,NA,387,100,16,16,0.242,SP,COSA,473,0.601955297
0,0,3496,46.02,-4.8,12.17,35.75,377,100,15,15,0.242,SP,COSA,474,0.559715201
1,19.44,3883,46.12,-4.95,13.42,35.72,387,100,16.2,16.2,0.242,SP,COSA,475,0.507597809
0,0,2765,46.12,-4.88,14.17,NA,395,99,16.4,16.4,0.242,SP,COSA,476,0.506071533
0,0,2254,46.12,-4.73,15,35.75,390,100,17.5,17.5,0.242,SP,COSA,477,0.437723205
1,21.32,2208,46.12,-4.58,15.72,35.73,385,100,17.1,17.1,0.242,SP,COSA,478,0.353640187
2,42.66,3518,46.12,-4.52,16.15,NA,392,100,17.3,17.3,0.242,SP,COSA,479,0.329278769
0,0,1581,46.12,-4.45,16.62,NA,382,101,16.9,16.9,0.242,SP,COSA,480,0.301794918
18,377.91,1346,46.12,-4.37,17.02,35.73,387,99,17.1,17.1,0.242,SP,COSA,481,0.275487927
8,150.1,1698,46.12,-4.3,17.75,NA,400,95,16.7,16.7,0.242,SP,COSA,482,0.244173158
6,115.09,1200,46.12,-4.23,18.27,NA,396,99,16.4,16.4,0.242,SP,COSA,483,0.190389991
1,17.18,1220,46.12,-4.15,18.65,NA,408,96,15.9,15.9,0.242,SP,COSA,484,0.142550366
0,0,189,46.12,-4.08,3.83,35.67,407,98,14.9,14.9,0.242,SP,COSA,485,0.100714452
1,18.16,154,46.12,-4.02,4.27,35.6,382,99,15.5,15.5,0.242,SP,COSA,486,0.059330969
0,0,151,46.12,-3.93,4.7,NA,396,98,15.6,15.6,0.242,SP,COSA,487,0.00025304
0,0,148,46.12,-3.87,5.25,NA,378,96,15.6,15.6,0.242,SP,COSA,488,0.031994215
7,124.29,152,46.12,-3.8,5.63,35.68,407,98,16,16,0.242,SP,COSA,489,0.068470269
0,0,147,46.12,-3.72,6.17,NA,406,98,15.9,15.9,0.242,SP,COSA,490,0.116851989
0,0,141,46.12,-3.65,6.62,NA,386,99,16.4,16.4,0.242,SP,COSA,491,0.159754603
0,0,138,46.12,-3.58,7.23,35.47,385,100,16.6,16.6,0.242,SP,COSA,492,0.202944713
0,0,137,46.12,-3.48,7.83,NA,389,99,16.5,16.5,0.242,SP,COSA,493,0.269138492
0,0,133,46.12,-3.43,8.33,NA,386,99,16.7,16.7,0.242,SP,COSA,494,0.308403784
0,0,133,46.12,-3.37,8.77,NA,375,101,16.9,16.9,0.242,SP,COSA,495,0.345559136
0,0,128,46.12,-3.28,9.33,35.5,392,98,17.4,17.4,0.242,SP,COSA,496,0.397314304
0,0,121,46.12,-3.15,10.13,NA,383,100,17.1,17.1,0.242,SP,COSA,497,0.484763269
0,0,117,46.12,-2.98,10.97,NA,393,101,17.2,17.2,0.242,SP,COSA,498,0.595556261
0,0,111,46.12,-2.92,11.42,35.21,424,99,17.5,17.5,0.242,SP,COSA,499,0.633780421
0,0,102,46.12,-2.72,12.55,NA,438,93,17,17,0.242,SP,COSA,500,0.749184922
0,0,94,46.12,-2.57,13.35,NA,376,89,16.8,16.8,0.242,SP,COSA,501,0.852021167
0,0,84,46.12,-2.48,13.82,NA,297,77,16.1,16.1,0.242,SP,COSA,502,0.919965914
0,0,71,46.08,-2.42,14.33,34.74,266,64,17.5,17.5,0.242,SP,COSA,503,0.925294875
0,0,64,46.08,-2.35,16.83,34.65,251,56,17.4,17.4,0.242,SP,COSA,504,0.942760965
2,36.63,51,46.08,-2.28,15.38,NA,196,41,17.8,17.8,0.242,SP,COSA,505,0.963259016
2,41.25,56,46.12,-2.22,16.05,NA,208,49,17.8,17.8,0.242,SP,COSA,506,1.015861203
0,0,58,46.12,-2.13,16.5,NA,206,49,17.7,17.7,0.242,SP,COSA,507,1.040383763
0,0,54,46.12,-2.07,16.93,NA,217,50,17.4,17.4,0.242,SP,COSA,508,1.058953803
0,0,36,46.37,-2.07,7.33,NA,143,31,17.2,17.2,0.242,SP,COSA,519,1.296797162
0,0,41,46.37,-2.22,8.25,34.44,149,35,17.3,17.3,0.242,SP,COSA,520,1.257543531
0,0,54,46.37,-2.35,9.08,34.9,211,46,17.2,17.2,0.242,SP,COSA,521,1.183842535
0,0,67,46.37,-2.48,10.08,NA,309,55,17.2,17.2,0.242,SP,COSA,522,1.094977653
0,0,73,46.37,-2.57,13,NA,258,66,16.5,16.5,0.242,SP,COSA,523,1.038546508
0,0,83,46.37,-2.63,13.5,35.2,308,71,16.7,16.7,0.242,SP,COSA,524,1.003650357
0,0,83,46.37,-2.72,14,NA,310,80,16.5,16.5,0.242,SP,COSA,525,0.953637781
0,0,100,46.37,-2.87,14.82,NA,394,94,16.9,16.9,0.242,SP,COSA,526,0.860129751
0,0,108,46.37,-2.98,15.57,35.31,375,99,16.8,16.8,0.242,SP,COSA,527,0.78150727
0,0,113,46.37,-3.15,16.47,NA,373,98,16.9,16.9,0.242,SP,COSA,528,0.676389742
0,0,117,46.37,-3.22,16.9,NA,403,100,16.9,16.9,0.242,SP,COSA,529,0.629692365
0,0,119,46.37,-3.28,17.67,NA,378,100,16.8,16.8,0.242,SP,COSA,530,0.587111262
0,0,119,46.37,-3.37,18.28,35.43,408,96,16.6,16.6,0.242,SP,COSA,531,0.529261022
0,0,124,46.37,-3.43,22.25,NA,402,98,16.6,16.6,0.242,SP,COSA,532,0.492217176
1,19.76,124,46.37,-3.52,22.75,NA,384,97,16.6,16.6,0.242,SP,COSA,533,0.436972077
0,0,127,46.37,-3.58,23.25,35.61,370,99,16.5,16.5,0.242,SP,COSA,534,0.400198408
0,0,133,46.37,-3.65,23.87,NA,369,99,16.6,16.6,0.242,SP,COSA,535,0.360009212
0,0,136,46.37,-3.73,0.35,NA,373,100,16.5,16.5,0.242,SP,COSA,536,0.318322294
0,0,138,46.37,-3.8,0.8,NA,378,99,16.6,16.6,0.242,SP,COSA,537,0.273426391
0,0,139,46.37,-3.87,1.25,35.64,390,98,16.5,16.5,0.242,SP,COSA,538,0.225145662
0,0,139,46.37,-3.95,1.72,NA,370,98,16.5,16.5,0.242,SP,COSA,539,0.164504013
0,0,141,46.37,-4.02,2.17,NA,374,100,16.1,16.1,0.242,SP,COSA,540,0.099902218
0,0,145,46.37,-4.08,2.88,NA,380,101,16.2,16.2,0.242,SP,COSA,541,0.05570484
0,0,148,46.37,-4.17,3.35,35.66,399,98,16.3,16.3,0.242,SP,COSA,542,0.009411632
0,0,154,46.37,-4.23,8.17,NA,390,100,16.1,16.1,0.242,SP,COSA,551,0.002467139
0,0,151,46.37,-4.3,8.5,35.66,375,100,15.7,15.7,0.242,SP,COSA,552,0.016325706
0,0,153,46.37,-4.38,9.25,NA,371,100,15.4,15.4,0.242,SP,COSA,553,0.046825808
1,18.01,166,46.37,-4.45,9.67,NA,389,100,15.5,15.5,0.242,SP,COSA,554,0.072071814
1,19.42,360,46.37,-4.53,10.03,NA,376,99,16,16,0.242,SP,COSA,555,0.1178849
5,95.09,690,46.37,-4.6,10.47,35.67,380,99,15.9,15.9,0.242,SP,COSA,556,0.167014438
12,220.08,914,46.37,-4.67,11.15,NA,386,100,15.6,15.6,0.242,SP,COSA,557,0.201349964
13,233.61,1317,46.37,-4.73,11.57,NA,382,99,15.4,15.4,0.242,SP,COSA,558,0.233951679
0,0,1330,46.37,-4.82,11.93,NA,387,98,15.9,15.9,0.242,SP,COSA,559,0.249429604
0,0,1699,46.37,-4.88,12.42,35.65,395,102,15.8,15.8,0.242,SP,COSA,560,0.257597809
0,0,2198,46.37,-4.95,12.82,NA,390,98,15.6,15.6,0.242,SP,COSA,561,0.257597809
0,0,2402,46.37,-5.03,13.27,NA,386,102,15.8,15.8,0.242,SP,COSA,562,0.266433984
0,0,2580,46.37,-5.1,13.72,NA,367,101,15.8,15.8,0.242,SP,COSA,563,0.292185272
0,0,2866,46.37,-5.17,14.13,35.64,389,98,15.3,15.3,0.242,SP,COSA,564,0.301995111
0,0,3291,46.37,-5.25,14.57,NA,410,101,15.5,15.5,0.242,SP,COSA,565,0.318629976
0,0,3370,46.37,-5.32,15,35.71,374,98,16,16,0.242,SP,COSA,566,0.344614301
16,294.27,3198,46.52,-5.47,16.53,NA,377,100,15.4,15.4,0.242,SP,COSA,567,0.332768606
1,19.14,3793,46.62,-5.62,17.88,35.66,355,97,15.5,15.5,0.242,SP,COSA,568,0.428473761
1,22.29,3225,46.62,-5.55,18.77,NA,317,103,15.3,15.3,0.242,SP,COSA,569,0.366881096
8,149.86,2776,46.62,-5.47,19.32,NA,378,99,15.7,15.7,0.242,SP,COSA,570,0.290096124
14,272.9,2523,46.62,-5.4,19.72,NA,367,99,15.8,15.8,0.242,SP,COSA,571,0.224756603
2,40.06,2867,46.62,-5.33,20.17,NA,368,102,15.8,15.8,0.242,SP,COSA,572,0.162179569
0,0,1721,46.62,-5.25,20.72,35.66,371,102,15.5,15.5,0.242,SP,COSA,573,0.094906762
6,111.7,1985,46.62,-5.18,21.27,NA,357,100,15,15,0.242,SP,COSA,574,0.060216733
4,82.62,1841,46.62,-5.1,21.73,NA,335,103,15.1,15.1,0.242,SP,COSA,575,0.046690079
2,35.3,1152,46.62,-5.03,22.15,NA,377,98,15.2,15.2,0.242,SP,COSA,576,0.037587203
11,198.1,667,46.62,-4.97,22.63,35.69,381,100,15.3,15.3,0.242,SP,COSA,577,0.010418193
0,0,158,46.62,-4.67,2.67,NA,371,96,15.6,15.6,0.242,SP,COSA,585,0.018813348
1,15.79,388,46.62,-4.88,6.33,NA,395,98,14.6,14.6,0.242,SP,COSA,592,0.007597809
16,318.36,271,46.62,-4.82,6.73,35.67,323,101,14.6,14.6,0.242,SP,COSA,593,0.007597809
0,0,189,46.62,-4.73,7.5,NA,363,101,15.4,15.4,0.242,SP,COSA,594,0.015714711
2,37.12,154,46.62,-4.6,8.25,35.67,366,99,15.3,15.3,0.242,SP,COSA,595,0.024210866
0,0,150,46.62,-4.53,8.68,NA,361,99,15.2,15.2,0.242,SP,COSA,596,0.052648548
0,0,145,46.62,-4.45,9.08,NA,370,99,15.7,15.7,0.242,SP,COSA,597,0.114848174
2,37.37,145,46.62,-4.38,9.5,NA,379,99,15.7,15.7,0.242,SP,COSA,598,0.15972454
0,0,143,46.62,-4.32,10,35.69,374,99,15.9,15.9,0.242,SP,COSA,599,0.206142488
0,0,144,46.62,-4.23,10.5,NA,384,97,16.1,16.1,0.242,SP,COSA,600,0.239305503
0,0,141,46.62,-4.17,11,35.68,374,98,16.7,16.7,0.242,SP,COSA,601,0.254463171
0,0,138,46.62,-4.1,11.55,35.65,370,100,16.2,16.2,0.242,SP,COSA,602,0.268433724
0,0,136,46.62,-4.02,12.02,35.6,355,101,16.9,16.9,0.242,SP,COSA,603,0.296937955
1,22.64,135,46.62,-3.95,12.53,NA,366,100,17.2,17.2,0.242,SP,COSA,604,0.335055057
0,0,132,46.62,-3.88,13.02,35.62,378,99,17,17,0.242,SP,COSA,605,0.375484875
0,0,127,46.62,-3.8,13.47,NA,361,100,17.3,17.3,0.242,SP,COSA,606,0.428614241
0,0,121,46.62,-3.73,13.92,35.51,365,100,17.8,17.8,0.242,SP,COSA,607,0.481239322
0,0,125,46.62,-3.67,14.45,NA,367,100,17.8,17.8,0.242,SP,COSA,608,0.529558536
0,0,120,46.62,-3.58,15.1,35.55,371,100,17.4,17.4,0.242,SP,COSA,609,0.605965081
0,0,113,46.62,-3.52,15.77,35.47,370,100,16.9,16.9,0.242,SP,COSA,610,0.641126425
0,0,117,46.62,-3.45,16.28,NA,382,97,17,17,0.242,SP,COSA,611,0.67856728
0,0,118,46.62,-3.37,16.83,NA,369,101,17.1,17.1,0.242,SP,COSA,612,0.72644744
0,0,115,46.62,-3.3,17.33,NA,369,99,17.2,17.2,0.242,SP,COSA,613,0.769350053
0,0,108,46.62,-3.22,17.83,NA,364,98,17.2,17.2,0.242,SP,COSA,614,0.818533484
0,0,108,46.62,-3.15,18.47,35.12,381,100,17,17,0.242,SP,COSA,615,0.861751305
0,0,102,46.62,-3.08,18.93,NA,388,98,17,17,0.242,SP,COSA,616,0.90662216
0,0,100,46.62,-2.98,19.47,NA,377,96,17,17,0.242,SP,COSA,617,0.975868062
0,0,92,46.63,-2.93,19.9,35.13,345,86,17.3,17.3,0.242,SP,COSA,618,1.015771523
0,0,86,46.62,-2.87,20.6,NA,323,82,17.1,17.1,0.242,SP,COSA,619,1.043412772
0,0,81,46.62,-2.78,21.17,NA,303,76,17.3,17.3,0.242,SP,COSA,620,1.101050676
0,0,68,46.62,-2.65,21.98,35.22,303,63,17.2,17.2,0.242,SP,COSA,621,1.191406464
0,0,61,46.62,-2.57,22.57,NA,217,52,17.3,17.3,0.242,SP,COSA,622,1.241979781
0,0,58,46.62,-2.48,23.05,NA,195,46,17.5,17.5,0.242,SP,COSA,623,1.294841627
0,0,51,46.62,-2.42,23.55,35.03,190,45,17.5,17.5,0.242,SP,COSA,624,1.328864044
0,0,39,46.75,-2.48,0.85,NA,132,32,17.1,17.1,0.242,SP,COSA,625,1.399799273
0,0,27,46.87,-2.48,1.82,34.94,92,22,16.9,16.9,0.242,SP,COSA,626,1.488357332
0,0,44,46.87,-2.65,2.7,NA,186,36,17.1,17.1,0.242,SP,COSA,627,1.375985606
0,0,51,46.87,-2.72,3.45,35.13,188,43,17.1,17.1,0.242,SP,COSA,628,1.333267116
0,0,53,46.87,-2.8,4,NA,184,45,16.9,16.9,0.242,SP,COSA,629,1.280199841
0,0,57,46.87,-2.87,4.62,NA,216,50,16.8,16.8,0.242,SP,COSA,630,1.233030138
0,0,50,46.87,-2.93,5.42,NA,197,43,16.6,16.6,0.242,SP,COSA,631,1.194382887
0,0,1420,44.37,-2.97,17.28,35.79,369,100,16.1,16.1,0.242,SP,COSA,632,0.745640869
0,0,1427,44.37,-2.9,18.18,NA,395,100,17.3,17.3,0.242,SP,COSA,633,0.745640869
0,0,1467,44.37,-2.83,18.58,NA,371,101,17.3,17.3,0.242,SP,COSA,634,0.745640869
0,0,1383,44.37,-2.68,19.47,35.45,386,99,17.2,17.2,0.242,SP,COSA,635,0.67160747
0,0,1349,44.37,-2.62,19.82,NA,379,100,16.7,16.7,0.242,SP,COSA,636,0.612312897
0,0,1348,44.37,-2.55,20.23,35.22,391,99,16.8,16.8,0.242,SP,COSA,637,0.543135895
0,0,1328,44.37,-2.48,20.65,NA,383,99,16.5,16.5,0.242,SP,COSA,638,0.473958893
0,0,1492,44.37,-2.42,21.05,35.21,377,100,16.7,16.7,0.242,SP,COSA,639,0.41466432
0,0,1735,44.62,-2.42,23.03,35.49,364,101,16.5,16.5,0.242,SP,COSA,640,0.412306709
0,0,2080,44.62,-2.48,23.55,NA,364,99,16.2,16.2,0.242,SP,COSA,641,0.453205233
0,0,2634,44.62,-2.62,0.42,NA,368,100,16.5,16.5,0.242,SP,COSA,642,0.528094014
0,0,2280,44.62,-2.77,1,NA,354,99,16.5,16.5,0.242,SP,COSA,643,0.566276194
0,0,2262,44.62,-2.9,2,35.56,367,101,16.7,16.7,0.242,SP,COSA,644,0.581196453
0,0,4173,45.48,-4.33,9.45,NA,369,101,15.9,15.9,0.242,SP,COSA,645,0.754378829
0,0,3943,45.58,-4.35,10.35,35.72,385,100,16.2,16.2,0.242,SP,COSA,646,0.682815115
0,0,4102,45.62,-4.42,10.87,NA,376,101,15.9,15.9,0.242,SP,COSA,647,0.697263972
0,0,4231,45.62,-4.48,11.22,35.71,378,101,16,16,0.242,SP,COSA,648,0.738640185
0,0,4360,45.62,-4.63,11.85,NA,372,99,15.9,15.9,0.242,SP,COSA,649,0.830095917
0,0,4390,45.62,-4.77,12.53,35.72,357,100,16,16,0.242,SP,COSA,650,0.886616881
0,0,4414,45.62,-4.83,13.03,35.71,369,101,16,16,0.242,SP,COSA,651,0.912536669
10,5.43,124,48.25,-5.75,18.63,35.6,5847,120,13.8,11.4,0.15,EN,CIRO,3,0.922733042
4,3.2,140,48.25,-6.25,20.98,35.53,4885,136,13.6,12,0.15,EN,CIRO,4,0.689713378
6,6.04,160,48.23,-6.8,23.25,35.6,4666,155,13.3,12.4,0.15,EN,CIRO,5,0.569496612
8,7.79,173,48.25,-7.27,1.47,35.53,5304,166,13.4,12.6,0.15,EN,CIRO,6,0.367516173
1,0.82,184,48.25,-7.78,3.73,35.55,6912,180,13,12.7,0.15,EN,CIRO,7,0.125272891
20,14.98,206,48.27,-8.23,6.62,35.33,8307,195,12.9,12.8,0.15,EN,CIRO,8,0.01161152
20,55.53,192,48.23,-8.75,6.65,35.6,7996,195,12.9,13,0.15,EN,CIRO,10,0.087749999
26,62.85,256,48.25,-9.25,9.18,35.55,6274,199,12.6,12.6,0.15,EN,CIRO,11,0.154152246
22,52.25,875,48.23,-9.75,11.53,35.57,6364,200,13.1,13,0.15,EN,CIRO,12,0.417110197
76,69.2,3000,48.25,-10.27,13.85,35.53,7132,201,13.1,12.9,0.15,EN,CIRO,13,0.537530786
27,47.45,2700,48.25,-10.77,16.78,35.49,7010,200,13.5,13.1,0.15,EN,CIRO,14,0.740146172
22,21.52,4000,48.25,-11.25,19.03,35.56,6940,200,13.4,13.3,0.15,EN,CIRO,15,0.873878731
27,30.86,2800,48.23,-11.73,21.45,35.57,6010,200,13.4,13.4,0.15,EN,CIRO,16,1.153986225
51,75.5,1600,48.73,-12.73,2.72,35.39,5776,200,13,12.8,0.15,EN,CIRO,17,1.661501023
21,29.17,1300,48.73,-12.25,5.05,35.49,6282,200,13.6,13.4,0.15,EN,CIRO,18,1.218667157
29,36.69,1400,48.73,-11.87,7,35.5,6125,200,13.3,13.1,0.15,EN,CIRO,19,0.889429172
81,151.14,2600,48.75,-11.62,8.42,35.52,5606,200,13.3,13.2,0.15,EN,CIRO,20,0.685723837
65,172.63,1600,48.75,-11.37,9.83,35.54,4863,200,13.4,13.4,0.15,EN,CIRO,21,0.529336653
53,107.87,1000,48.73,-11.12,11.18,35.46,6096,200,13.3,12.9,0.15,EN,CIRO,22,0.391450222
61,178.81,1100,48.75,-10.87,12.6,35.48,6268,200,13.4,13.2,0.15,EN,CIRO,23,0.269496998
28,133.62,1400,48.73,-10.62,14.2,35.52,5728,200,13.2,12.9,0.15,EN,CIRO,24,0.262242588
23,116.25,162,48.73,-10.37,16.77,35.52,6551,162,13,12.6,0.15,EN,CIRO,25,0.117957107
30,123.28,425,48.75,-10.07,20.3,35.52,5843,200,12.7,12.4,0.15,EN,CIRO,27,0.015743256
45,213.32,193,48.75,-9.85,21.77,35.52,6785,188,13.1,12.7,0.15,EN,CIRO,28,0.025306547
43,144.01,176,48.75,-9.6,23.07,35.51,6228,172,12.5,12.4,0.15,EN,CIRO,29,0.119013888
51,58.24,175,48.75,-9.37,0.4,35.47,5484,171,12.5,12.2,0.15,EN,CIRO,30,0.206709778
17,14.81,165,48.75,-9.13,1.72,35.46,5608,157,12.9,12.6,0.15,EN,CIRO,31,0.329107796
2,1.85,170,48.73,-8.87,3.02,35.41,5566,168,13.3,12.5,0.15,EN,CIRO,32,0.398858927
6,5.6,146,48.73,-8.63,4.38,35.44,4555,135,13.1,12.7,0.15,EN,CIRO,33,0.421411279
10,6.85,153,48.75,-8.23,6.15,35.42,7086,158,13.1,12.5,0.15,EN,CIRO,34,0.446278958
5,5.22,158,48.75,-7.75,8.63,35.45,4674,153,13.2,12.8,0.15,EN,CIRO,35,0.60325279
23,19.53,153,48.75,-7.23,10.85,35.4,5275,144,13.1,12.6,0.15,EN,CIRO,36,0.810598841
10,10.37,145,48.75,-6.77,12.98,35.51,2305,74,13.7,12.9,0.15,EN,CIRO,37,1.07455991
3,2.74,137,48.75,-6.27,14.87,35.51,2324,70,14.1,12.4,0.15,EN,CIRO,38,1.159622211
3,2.46,126,49.25,-6.73,18.32,35.45,2389,60,13.5,13,0.15,EN,CIRO,39,1.490439544
7,7.17,135,49.25,-7.22,20.13,35.39,1899,61,13.4,12.8,0.15,EN,CIRO,40,1.263181706
10,12.26,138,49.25,-7.72,21.97,35.31,1464,60,13.2,12.3,0.15,EN,CIRO,41,1.082857144
15,12.21,127,49.25,-8.25,0,35.21,4595,125,12.9,12.3,0.15,EN,CIRO,42,0.932159317
18,13.87,152,49.25,-8.63,1.82,35.28,5668,146,13,12.3,0.15,EN,CIRO,43,0.939043874
4,3.99,154,49.25,-8.88,3.27,35.31,4355,149,12.9,12.1,0.15,EN,CIRO,44,0.887526452
1,1.12,151,49.25,-9.12,4.57,35.33,3922,145,12.8,12.4,0.15,EN,CIRO,45,0.762901271
13,9.8,153,49.25,-9.38,5.87,35.34,6065,147,12.8,12.6,0.15,EN,CIRO,46,0.652631678
9,6.61,154,49.23,-9.65,7.18,35.41,6272,150,12.8,12.5,0.15,EN,CIRO,47,0.532759007
10,8.1,132,49.25,-9.88,8.53,35.36,4626,122,12.9,12.5,0.15,EN,CIRO,48,0.499412191
26,82.04,162,49.25,-10.15,9.77,35.39,6350,157,13.1,12.8,0.15,EN,CIRO,49,0.34092005
33,254.57,136,49.25,-10.37,11.02,35.45,4193,128,13.1,12.8,0.15,EN,CIRO,50,0.257988188
40,133.75,163,49.25,-10.63,12.32,35.47,5631,156,12.9,12.6,0.15,EN,CIRO,51,0.257348601
40,35.34,177,49.23,-10.88,13.7,35.5,5724,169,13,12.3,0.15,EN,CIRO,52,0.155687246
57,79.52,187,49.25,-11.08,14.88,35.45,4036,181,13.6,12.6,0.15,EN,CIRO,53,0.043952546
41,124.71,350,49.23,-11.37,16.87,35.55,4216,200,13.5,13,0.15,EN,CIRO,54,0.21399852
37,351.88,830,49.25,-11.73,17.5,35.59,6096,200,14.1,13.6,0.15,EN,CIRO,69,0.569261081
32,82.05,1100,49.25,-12.25,20.42,35.43,6376,200,13.6,12.9,0.15,EN,CIRO,70,1.0889355
65,123.08,1200,49.25,-12.75,22.78,35.45,7437,200,13.6,13.2,0.15,EN,CIRO,71,1.58882337
55,53.92,2200,49.73,-12.73,2.72,35.33,6509,200,13.5,12.8,0.15,EN,CIRO,72,1.632444735
57,56.16,1200,49.73,-12.25,4.87,35.33,6315,200,13.6,12.6,0.15,EN,CIRO,73,1.178745011
59,275.73,780,49.75,-11.75,7,35.43,5462,200,13.9,12.8,0.15,EN,CIRO,74,0.754550479
59,204.49,450,49.73,-11.33,8.88,35.47,6907,200,13.2,12.3,0.15,EN,CIRO,75,0.376563137
43,50.83,320,49.73,-11.1,10.35,35.54,4931,200,12.7,12.1,0.15,EN,CIRO,76,0.158063143
30,25.37,175,49.75,-10.83,11.75,35.52,6065,167,13,12.5,0.15,EN,CIRO,77,0.049639717
24,230.82,147,49.75,-10.6,13.15,35.5,4736,143,13.8,13.2,0.15,EN,CIRO,78,0.196098239
12,10.97,143,49.75,-10.35,14.43,35.46,4789,139,13.9,12.7,0.15,EN,CIRO,79,0.41924021
45,36.55,141,49.75,-10.08,15.73,35.43,5609,141,13.9,12.9,0.15,EN,CIRO,80,0.681509219
40,36.63,131,49.73,-9.85,17.03,35.42,4404,128,13.9,12.7,0.15,EN,CIRO,81,0.905148913
33,43.18,158,49.73,-9.62,18.22,35.34,3660,152,13.9,12.7,0.15,EN,CIRO,82,1.030266117
21,83.48,118,49.73,-9.33,20.88,35.37,4283,112,14,12.5,0.15,EN,CIRO,83,1.107312156
4,4.25,142,49.75,-9.12,23.3,35.44,4046,140,14.1,12.5,0.15,EN,CIRO,84,1.215772649
6,5.32,126,49.75,-8.85,1.03,35.33,4772,136,13.8,12.6,0.15,EN,CIRO,85,1.331074562
3,4.02,136,49.75,-8.6,2.55,35.39,3084,140,13.9,12.2,0.15,EN,CIRO,86,1.437712046
0,0,138,49.75,-8.2,4.5,35.43,5584,133,13.9,12.6,0.15,EN,CIRO,87,1.434481408
3,2.42,133,49.73,-7.72,6.9,35.31,5060,131,14.4,12.6,0.15,EN,CIRO,88,1.534293661
5,4.94,103,50.25,-7.73,11.15,35.37,3096,97,12.7,12.7,0.15,EN,CIRO,91,2.02588709
0,0,129,50.25,-8.23,13.88,35.37,3284,123,12.7,12.7,0.15,EN,CIRO,92,1.929328394
35,31.02,126,50.25,-8.73,16.92,35.34,4812,132,13,12.9,0.15,EN,CIRO,93,1.83164208
60,51.51,140,50.25,-9.23,20,35.47,5017,135,12.8,12.8,0.15,EN,CIRO,94,1.475677883
46,50.61,126,50.25,-9.75,22.93,35.49,3465,118,12.9,12.9,0.15,EN,CIRO,95,0.965814421
19,15.27,137,50.23,-10.1,1.1,35.49,5308,132,12.9,12.9,0.15,EN,CIRO,96,0.639692835
9,9.25,147,50.23,-10.37,3.33,35.49,4407,142,12.9,12.8,0.15,EN,CIRO,97,0.398022752
8,8.93,164,50.23,-10.62,5.3,35.49,4691,162,12.8,12.9,0.15,EN,CIRO,98,0.148869526
5,5.59,208,50.23,-10.87,7.22,35.48,5662,201,12.7,12.7,0.15,EN,CIRO,99,0.052118011
56,176.86,550,50.23,-11.13,9.23,35.42,5008,200,12.6,12.7,0.15,EN,CIRO,100,0.238089263
34,326.13,1100,50.23,-11.38,11.45,35.43,6254,200,12.7,12.7,0.15,EN,CIRO,101,0.478338755
31,253.29,1600,50.25,-11.73,13.88,35.44,6406,200,13,13,0.15,EN,CIRO,102,0.826977369
31,122.37,2300,50.25,-12.25,16.82,35.41,7326,200,13,13,0.15,EN,CIRO,103,1.343988178
28,191.62,2400,50.23,-12.75,19.48,35.33,6043,200,12.9,12.9,0.15,EN,CIRO,104,1.841584537
30,46.51,2300,50.75,-12.75,0.37,35.37,5784,200,12.7,12.5,0.15,EN,CIRO,105,1.706986524
35,89.16,2100,50.73,-12.25,2.82,NA,6629,200,12.7,12.7,0.15,EN,CIRO,106,1.232834763
32,99.45,2000,50.75,-11.87,4.72,NA,6224,200,12.6,12.4,0.15,EN,CIRO,107,0.875359435
23,131.17,1800,50.73,-11.6,6.1,NA,7469,200,12.8,12.7,0.15,EN,CIRO,108,0.651914942
42,202.89,1300,50.75,-11.37,7.5,NA,6288,200,12.9,12.8,0.15,EN,CIRO,109,0.453746286
31,62.67,330,50.73,-11.12,8.92,NA,6577,200,12.7,12.7,0.15,EN,CIRO,110,0.25093541
28,32.44,181,50.73,-10.85,10.67,NA,4820,175,12.9,12.8,0.15,EN,CIRO,111,0.021814747
18,24.85,166,50.73,-10.55,12.08,NA,3744,160,13.1,12.9,0.15,EN,CIRO,112,0.223878639
10,10.65,140,50.75,-10.23,14.53,NA,4036,133,13.5,12.9,0.15,EN,CIRO,114,0.519921229
1,1.19,123,50.75,-9.72,16.8,35.46,3121,118,13.5,12.7,0.15,EN,CIRO,115,1.002775425
20,20.62,130,50.73,-9.23,18.55,35.33,3789,124,13.1,12.7,0.15,EN,CIRO,116,1.477512615
18,18.96,105,50.73,-8.73,20.47,35.4,2945,96,13.1,12.9,0.15,EN,CIRO,117,1.972306583
0,0,118,50.73,-8.25,22.38,35.24,2716,113,12.9,12.9,0.15,EN,CIRO,118,2.407171219
1,0.85,101,51.25,-8.25,1.9,35.22,3634,96,13.1,12.9,0.15,EN,CIRO,119,2.554395199
2,1.88,105,51.23,-8.75,3.75,35.16,3410,99,12.8,12.9,0.15,EN,CIRO,120,2.074243003
1,0.8,110,51.25,-9.25,5.7,35.19,4139,107,12.8,12.6,0.15,EN,CIRO,121,1.616870413
2,1.75,108,51.25,-9.75,7.73,35.28,3576,102,12.8,12.5,0.15,EN,CIRO,122,1.177381786
6,5.58,136,51.23,-10.25,9.72,35.12,4408,130,12.9,12.7,0.15,EN,CIRO,123,0.75200891
12,11.41,165,51.23,-10.63,11.37,35.53,5437,160,12.9,12.9,0.15,EN,CIRO,124,0.427945865
17,17.91,178,51.25,-10.88,4.55,35.61,5208,172,13.1,12.8,0.15,EN,CIRO,131,0.227707977
58,58.98,211,51.23,-11.3,6.35,35.47,6197,200,12.9,12.7,0.15,EN,CIRO,132,0.192292023
35,128.27,610,51.23,-11.65,8.05,35.48,5959,200,12.8,12.6,0.15,EN,CIRO,133,0.542292023
78,306.81,1100,51.25,-11.88,9.35,35.44,6408,200,12.8,12.7,0.15,EN,CIRO,134,0.772292023
35,150.92,1200,51.25,-12.12,10.72,35.44,6704,200,12.9,12.8,0.15,EN,CIRO,135,1.012292023
29,137.45,1300,51.25,-12.38,12.17,35.43,6059,200,13.1,12.8,0.15,EN,CIRO,136,1.268876693
69,214.4,1500,51.23,-12.75,13.88,35.33,6306,200,13.3,12.5,0.15,EN,CIRO,137,1.599056892
14,13.29,470,51.75,-14.73,15.07,35.34,6303,200,12.4,12.3,0.15,EN,CIRO,144,1.654810703
22,22.19,375,51.73,-14.35,19.52,35.31,6012,200,12.5,12.4,0.15,EN,CIRO,147,1.565768949
29,29.5,380,51.73,-14.08,20.92,35.27,5884,200,12.3,12.3,0.15,EN,CIRO,148,1.532859219
54,59.55,450,51.75,-13.85,22.32,35.34,5498,200,12.3,12.4,0.15,EN,CIRO,149,1.517584824
84,82.04,590,51.73,-13.62,23.63,35.38,6289,200,12.5,12.5,0.15,EN,CIRO,150,1.553555434
46,43.92,790,51.73,-13.37,1.03,35.32,5943,200,12.4,11.9,0.15,EN,CIRO,151,1.581611084
67,226.99,1000,51.73,-13.12,2.45,35.3,5859,200,12.7,12.7,0.15,EN,CIRO,152,1.440448928
66,288.36,1200,51.73,-12.88,3.87,35.32,4799,200,12.7,12.6,0.15,EN,CIRO,153,1.281180121
53,301.44,1300,51.75,-12.62,5.27,35.27,5332,201,12.6,12.6,0.15,EN,CIRO,154,1.118751457
50,132.6,1300,51.75,-12.38,6.63,35.39,5654,200,12.6,12.6,0.15,EN,CIRO,155,1.004505713
37,202.84,1000,51.73,-12.12,8.03,35.35,6503,200,12.6,12.6,0.15,EN,CIRO,156,0.799855259
43,143.54,710,51.75,-11.88,9.45,35.37,5965,200,12.8,12.7,0.15,EN,CIRO,157,0.5857323
36,76.81,350,51.73,-11.62,10.88,35.44,6291,200,12.8,12.7,0.15,EN,CIRO,158,0.370994499
46,49.1,210,51.73,-11.35,12.4,35.43,5903,200,12.9,12.7,0.15,EN,CIRO,159,0.136148667
15,16.32,183,51.75,-11.1,13.85,35.43,5353,178,13.1,13,0.15,EN,CIRO,160,0.091169288
24,31.82,133,51.75,-10.73,15.77,35,3047,135,12.8,12.3,0.15,EN,CIRO,161,0.427211678
1,0.56,101,51.23,-8.23,5.23,NA,655,95,12.4,11.4,0.222,IR,LOFO,1,2.567603369
0,0,104,51.25,-8.73,7.55,NA,285,95,12,11.8,0.222,IR,LOFO,2,2.099814465
0,0,105,51.25,-9.23,10.37,NA,286,103,11.9,11.9,0.222,IR,LOFO,3,1.635108652
2,2.67,102,51.25,-9.73,13.1,NA,289,95,11.9,11.8,0.222,IR,LOFO,4,1.194540235
14,18,133,51.25,-10.23,16.03,NA,439,125,12.6,12.6,0.222,IR,LOFO,5,0.779068549
23,19.51,171,51.25,-10.72,18.63,NA,850,166,12.3,12.3,0.222,IR,LOFO,6,0.364787338
12,8.45,203,51.23,-11.22,21.63,NA,1099,183,12.1,12.1,0.222,IR,LOFO,7,0.112292023
78,219.77,1161,51.25,-11.72,0.33,NA,1423,183,12.2,12.1,0.222,IR,LOFO,8,0.612292023
90,601.78,1645,51.25,-12.18,3.17,NA,769,183,12.3,12.3,0.222,IR,LOFO,9,1.072292023
77,140.85,1885,51.23,-12.7,5.75,NA,859,183,12.2,12.1,0.222,IR,LOFO,10,1.556699261
33,151.25,481,51.73,-14.7,13.92,NA,808,183,12.6,12.3,0.222,IR,LOFO,11,1.662208201
63,156.6,377,51.75,-14.28,17.13,NA,766,183,12.1,12.1,0.222,IR,LOFO,12,1.533074656
46,96,509,51.73,-13.78,19.6,NA,994,183,12.3,12.1,0.222,IR,LOFO,13,1.542920853
77,348.08,912,51.73,-13.28,22.42,NA,981,183,12.7,12.3,0.222,IR,LOFO,14,1.558161975
41,164.13,1085,51.73,-12.78,0.9,NA,704,183,12.5,11.9,0.222,IR,LOFO,15,1.222624124
73,281.81,996,51.75,-12.28,3.52,NA,959,183,12.5,12.2,0.222,IR,LOFO,16,0.925387151
56,164.93,523,51.73,-11.77,5.8,NA,862,183,12.2,12.1,0.222,IR,LOFO,17,0.501464405
16,13.6,195,51.73,-11.28,8.57,NA,923,183,12.5,12.2,0.222,IR,LOFO,18,0.075262711
11,10.38,138,51.75,-10.78,11.6,NA,635,138,12.6,12.3,0.222,IR,LOFO,19,0.380205656
1,0.79,68,51.75,-10.3,14.15,NA,307,58,12.2,12,0.222,IR,LOFO,20,0.835931468
3,2.28,117,52.23,-10.7,17.78,NA,496,93,13.5,11.8,0.222,IR,LOFO,21,0.675923706
2,1.63,139,52.25,-11.2,19.98,NA,670,129,12.5,12.1,0.222,IR,LOFO,22,0.2560063
26,36.56,306,52.23,-11.7,22.33,NA,1102,183,13,12.3,0.222,IR,LOFO,23,0.173370354
66,165.28,749,52.25,-12.23,1.12,NA,1061,183,13.1,12.4,0.222,IR,LOFO,24,0.488697567
52,93.67,689,52.25,-12.72,3.27,NA,1045,183,12.5,12.2,0.222,IR,LOFO,25,0.794525408
76,173.42,572,52.25,-13.2,5.68,NA,1021,183,12.5,12.1,0.222,IR,LOFO,26,1.111224925
51,79.42,387,52.23,-13.7,8.05,NA,1030,183,12.2,12,0.222,IR,LOFO,27,1.049308414
37,35.91,334,52.23,-14.2,10.77,NA,789,183,12,11.8,0.222,IR,LOFO,28,1.046454163
43,131.4,436,52.25,-14.68,12.93,NA,539,183,12.4,12.2,0.222,IR,LOFO,29,1.182538882
73,365.88,559,52.73,-14.78,16.88,NA,796,183,12.5,12.3,0.222,IR,LOFO,30,0.875863247
24,20.7,332,52.75,-14.28,19.28,NA,862,183,12.3,11.8,0.222,IR,LOFO,31,0.559768501
47,203.39,234,52.75,-13.78,21.65,NA,552,183,12.1,11.9,0.222,IR,LOFO,32,0.525155212
53,75.11,347,52.73,-13.28,23.97,NA,785,183,12.2,11.5,0.222,IR,LOFO,33,0.63690966
57,109.68,487,52.73,-12.8,2.6,NA,897,183,12.6,12.1,0.222,IR,LOFO,34,0.617235916
41,52.99,337,52.75,-12.28,5.13,NA,780,183,12.4,12,0.222,IR,LOFO,35,0.136531265
1,0.9,168,52.75,-11.78,7.52,NA,774,165,12.6,12.1,0.222,IR,LOFO,36,0.155206114
4,2.92,130,52.73,-11.27,9.85,NA,763,130,12.9,12.2,0.222,IR,LOFO,37,0.474216692
1,0.97,143,53.22,-11.25,13.35,NA,560,129,13.8,12.1,0.222,IR,LOFO,38,0.623815366
4,3.66,182,53.25,-11.68,15.88,NA,824,165,13.9,12.7,0.222,IR,LOFO,39,0.356315571
10,8.33,308,53.23,-12.2,18.38,NA,966,183,13.5,12.4,0.222,IR,LOFO,40,0.009448328
33,29.2,338,53.25,-12.7,20.82,NA,806,183,12.7,11.5,0.222,IR,LOFO,41,0.485779679
32,51.55,236,53.23,-13.2,23.1,NA,697,183,12.7,12,0.222,IR,LOFO,42,0.234192312
50,51.48,171,53.23,-13.68,1.42,NA,720,166,12.5,11.6,0.222,IR,LOFO,43,0.055459343
47,38.12,208,53.25,-14.2,3.83,NA,904,183,12.2,11.7,0.222,IR,LOFO,44,0.103017914
53,104,949,53.25,-14.7,6.33,NA,981,183,12.6,12.6,0.222,IR,LOFO,45,0.594881616
113,179.54,1500,53.72,-14.75,10.18,NA,792,183,12.1,11.6,0.222,IR,LOFO,46,0.766108754
27,28.9,1358,53.75,-14.28,12.73,NA,704,183,12.2,11.9,0.222,IR,LOFO,47,0.424455318
44,74.9,418,53.75,-13.8,15.13,NA,789,183,12.2,12.3,0.222,IR,LOFO,48,0.190150346
37,42.12,303,53.75,-13.28,17.53,NA,680,183,12.2,12.1,0.222,IR,LOFO,49,0.117137731
19,42.11,283,53.73,-12.77,20.25,NA,340,183,12.4,11.9,0.222,IR,LOFO,50,0.435686155
21,26.43,333,53.73,-12.28,22.43,NA,829,183,12.2,12.2,0.222,IR,LOFO,51,0.399486725
17,22.55,295,53.73,-11.77,0.67,NA,615,183,12.5,12.5,0.222,IR,LOFO,52,0.082376324
13,9.97,205,53.75,-11.3,3.08,NA,1036,183,12.5,12.3,0.222,IR,LOFO,53,0.145325044
21,18.89,148,53.75,-10.78,5.45,NA,680,139,12.3,12.4,0.222,IR,LOFO,54,0.424571289
0,0,74,53.75,-10.27,7.73,NA,312,58,12.4,12.4,0.222,IR,LOFO,55,0.673211535
0,0,107,53.27,-10.27,11.23,NA,520,101,12.9,11.9,0.222,IR,LOFO,56,1.092747118
1,0.89,119,53.2,-10.72,13.83,NA,597,118,12.9,12.6,0.222,IR,LOFO,57,0.928502272
0,0,123,52.75,-10.75,17.13,NA,644,120,12.6,12.7,0.222,IR,LOFO,58,0.90186576
2,1.9,100,52.73,-10.27,19.25,NA,443,93,12.7,12.6,0.222,IR,LOFO,59,1.298906064
0,0,92,54.25,-10.22,17.58,NA,486,61,12.1,12,0.222,IR,LOFO,61,0.302522437
58,84.06,214,54.25,-10.72,19.82,NA,958,183,12.6,11.6,0.222,IR,LOFO,62,0.017554878
62,155.83,340,54.25,-11.2,22.15,NA,664,183,12.3,12.3,0.222,IR,LOFO,63,0.217056213
34,69.66,1172,54.25,-11.73,0.65,NA,1141,183,12.3,12.1,0.222,IR,LOFO,64,0.505458043
49,82.33,2030,54.23,-12.2,2.97,NA,829,183,12.3,12.4,0.222,IR,LOFO,65,0.738645595
24,21.88,2200,54.23,-12.7,5.38,NA,849,183,12.3,12.1,0.222,IR,LOFO,66,0.805650527
16,12.69,2000,54.73,-12.27,9.47,NA,1002,183,12.5,12.3,0.222,IR,LOFO,67,1.196455287
10,10.5,2873,54.75,-11.78,12.08,NA,807,183,12.6,12.8,0.222,IR,LOFO,68,0.947626776
13,11.41,2900,54.75,-11.3,14.48,NA,894,183,12.3,12.2,0.222,IR,LOFO,69,0.701961309
43,211.63,1750,54.75,-10.78,16.88,NA,885,183,12.9,12.8,0.222,IR,LOFO,70,0.438499992
42,49.99,120,54.75,-10.28,19.25,NA,640,118,12.6,12.6,0.222,IR,LOFO,71,0.033185202
27,21.52,100,54.73,-9.73,22,NA,492,88,12.9,12.5,0.222,IR,LOFO,72,0.391031249
0,0,91,54.75,-9.28,23.9,NA,458,87,12.5,12.2,0.222,IR,LOFO,73,0.684784103
0,0,32,55.23,-8.25,4.67,NA,285,27,11.4,10.9,0.222,IR,LOFO,74,1.004844439
1,0.6,93,55.23,-8.7,6.45,NA,466,80,13.1,10.8,0.222,IR,LOFO,75,0.655589156
8,6.91,109,55.25,-9.22,8.57,NA,575,102,13.2,13.2,0.222,IR,LOFO,76,0.293761371
27,20.4,128,55.25,-9.72,10.73,NA,478,80,12.9,12.6,0.222,IR,LOFO,77,0.031828098
32,31.47,1291,55.23,-10.18,12.75,NA,840,183,12.8,12.6,0.222,IR,LOFO,78,0.274562271
19,13.62,2480,55.23,-10.65,14.83,NA,846,183,13.3,10.4,0.222,IR,LOFO,79,0.621421096
42,35.12,2300,55.73,-10.27,19.07,NA,877,183,12.9,11.7,0.222,IR,LOFO,80,0.682787548
40,33.96,1785,55.75,-9.78,21.25,NA,840,183,12.5,11.5,0.222,IR,LOFO,81,0.431270146
30,22.53,140,55.73,-9.27,23.48,NA,655,128,13.7,11.4,0.222,IR,LOFO,82,0.100689344
7,6.1,106,55.73,-8.77,1.73,NA,523,101,13.4,12.6,0.222,IR,LOFO,83,0.326436919
3,2.1,104,55.73,-8.28,3.9,NA,483,93,13.2,11,0.222,IR,LOFO,84,0.808204319
1,0.92,167,56.25,-8.23,7.17,NA,716,155,12,12.1,0.222,IR,LOFO,85,0.648423445
2,2.27,131,56.23,-8.72,9.32,NA,454,120,12.9,12.2,0.222,IR,LOFO,86,0.259648193
27,32.23,711,56.25,-9.2,11.38,NA,657,183,12.8,12.2,0.222,IR,LOFO,87,0.190980345
106,92.77,1595,56.23,-9.68,13.98,NA,944,183,13.4,12.6,0.222,IR,LOFO,88,0.658279243
22,18.57,1795,56.75,-9.77,17.53,NA,954,183,13.8,12.4,0.222,IR,LOFO,89,0.667341742
70,188.9,1260,56.75,-9.28,19.58,NA,814,183,13.6,12.9,0.222,IR,LOFO,90,0.311700176
7,9.12,117,56.73,-8.78,21.75,NA,315,101,13.8,11.8,0.222,IR,LOFO,91,0.066731429
4,3.97,134,57.23,-8.73,1.13,NA,514,129,14,11.6,0.222,IR,LOFO,92,0.3715636
37,41.55,174,57.23,-9.18,3.12,NA,572,146,13,12.4,0.222,IR,LOFO,93,0.082095629
37,63.62,1940,57.25,-9.7,5.2,NA,961,183,13.6,12.8,0.222,IR,LOFO,94,0.365636431
49,55.3,1088,57.75,-9.77,8.88,NA,469,95,13.2,11.4,0.222,IR,LOFO,95,0.392020408
3,2.61,144,57.75,-9.27,10.95,NA,538,133,13.6,10.8,0.222,IR,LOFO,96,0.087316484
6,5.25,146,57.75,-8.78,13.2,NA,704,133,13.8,12.8,0.222,IR,LOFO,97,0.364947673
3,2.02,111,57.73,-8.28,15.98,NA,524,110,14.2,10.2,0.222,IR,LOFO,98,0.584110435
0,0,133,57.27,-8.23,19.18,NA,618,120,13.3,11,0.222,IR,LOFO,99,0.803989016
1,0.66,132,56.77,-8.25,22.37,NA,641,120,12.8,10.8,0.222,IR,LOFO,100,0.566635652
1,0.52,120,48.25,-5.75,13.08,35.7,51370,50,15.6,12,0.19,fr,thal,335,0.922733042
10,13.69,139,48.25,-6.23,15.52,35.53,42178,50,14.9,13.2,0.19,fr,thal,336,0.69790379
10,9.24,155,48.25,-6.75,18.23,35.53,27739,50,14.4,13.2,0.19,fr,thal,337,0.591381167
3,2.21,172,48.25,-7.25,20.8,35.48,46494,65,14.3,14,0.19,fr,thal,338,0.382136819
10,9.17,177,48.25,-7.75,23.25,35.5,40725,60,14.1,13.1,0.19,fr,thal,339,0.136638149
16,14.62,178,48.25,-7.8,23.57,35.5,37048,65,14.1,13.1,0.19,fr,thal,3391,0.117696053
11,15.66,205,48.25,-8.25,1.55,35.52,20592,60,13.6,12.9,0.19,fr,thal,340,0.035760276
140,93.56,200,48.25,-8.75,3.98,35.52,116382,173,13.1,13,0.19,fr,thal,341,0.067841053
122,77.66,190,48.25,-8.8,5.12,35.52,305938,180,13.1,13,0.19,fr,thal,3411,0.072606733
24,59.52,560,48.25,-9.23,8.8,35.64,20652,200,13.3,13.3,0.19,fr,thal,342,0.142853614
14,57.72,520,48.25,-9.25,9.22,35.64,24944,200,13.3,13.3,0.19,fr,thal,3421,0.154152246
41,118.79,775,48.25,-9.75,11.7,35.58,17821,150,13.8,13.3,0.19,fr,thal,343,0.39807944
22,62.8,906,48.25,-9.77,12.13,35.58,23283,150,13.8,13.3,0.19,fr,thal,3431,0.404230073
75,176.81,2000,48.25,-10.23,14.58,35.6,42029,207,14,13,0.19,fr,thal,344,0.527662856
44,133.23,2000,48.25,-10.23,15.07,35.6,34127,205,14,13,0.19,fr,thal,3441,0.527662856
87,254.14,1800,48.25,-10.73,17.57,35.57,33086,205,14,12.9,0.19,fr,thal,345,0.716775297
57,227.16,1900,48.25,-10.75,18,35.57,24421,200,14,12.9,0.19,fr,thal,3451,0.728279885
72,237.37,3600,48.25,-11.25,20.35,35.52,21883,200,14,13.7,0.19,fr,thal,346,0.873878731
38,75.04,3000,48.25,-11.73,10.78,35.55,23888,150,13.9,13.8,0.19,fr,thal,347,1.138959895
8,20.15,2000,47.75,-10.77,3.83,35.41,38239,206,14.2,14.2,0.19,fr,thal,348,1.169782381
7,27.89,2000,47.75,-10.25,5.22,35.44,21008,200,14.3,14,0.19,fr,thal,349,1.024222727
5,14.64,4450,47.75,-9.75,8.53,35.53,32056,200,14.4,14.3,0.19,fr,thal,350,0.84373344
15,20.43,3500,47.75,-9.23,11.5,35.67,24356,110,14.5,14.5,0.19,fr,thal,351,0.603197317
34,95.08,2500,47.75,-8.73,13.77,35.68,33325,200,14.6,14.5,0.19,fr,thal,352,0.56365843
50,126.78,1560,47.75,-8.27,15.92,35.7,37791,200,14.2,14.2,0.19,fr,thal,353,0.514787042
72,189.65,1350,47.75,-8.23,16.47,35.7,31020,210,14.2,14.2,0.19,fr,thal,3531,0.501152094
52,154.51,900,47.75,-7.77,18.53,35.45,18953,200,13.8,13.6,0.19,fr,thal,354,0.317969281
50,116.22,770,47.75,-7.75,18.97,35.45,16983,200,13.8,13.6,0.19,fr,thal,3541,0.306672634
12,23.52,176,47.75,-7.25,21.3,35.62,11380,150,13.5,13.4,0.19,fr,thal,355,0.017722909
6,42.18,167,47.75,-6.75,23.88,35.58,14509,118,14.3,14.3,0.19,fr,thal,356,0.09461355
2,3.08,152,47.75,-6.27,2.33,35.39,8937,57,14.4,12.2,0.19,fr,thal,357,0.251157313
2,6.39,134,47.75,-5.75,4.37,35.53,11098,59,15.4,15.5,0.19,fr,thal,358,0.434329529
0,0,125,47.75,-5.23,6.38,35.49,33921,80,15.6,15.6,0.19,fr,thal,359,0.609058586
1,2.1,100,47.75,-4.75,8.45,35.28,11772,75,16.5,15.7,0.19,fr,thal,360,0.915007562
2,8.51,122,47.25,-4.73,11.37,35.64,8136,72,16,15.8,0.19,fr,thal,361,0.627492385
0,0,140,47.25,-5.25,13.48,35.68,8165,72,15.8,15,0.19,fr,thal,362,0.20967357
0,0,200,47.25,-5.73,15.53,35.72,16225,153,13.9,12.6,0.19,fr,thal,363,0.066051144
0,0,224,47.25,-5.75,15.9,35.72,17615,151,13.9,12.6,0.19,fr,thal,3631,0.065076902
9,11.18,1314,47.25,-6.23,18.2,35.64,52571,120,14.7,14.7,0.19,fr,thal,364,0.176070361
28,26.19,1115,47.25,-6.28,18.75,35.64,86474,120,14.7,14.7,0.19,fr,thal,3641,0.197665778
133,126.44,2300,47.25,-6.75,21.23,35.53,81782,200,15,14.2,0.19,fr,thal,365,0.401599983
53,67.27,2500,47.25,-7.25,0.53,35.67,100118,200,14.4,14.4,0.19,fr,thal,366,0.449533119
40,59.44,2500,47.25,-7.32,1.33,35.67,54621,200,14.4,14.4,0.19,fr,thal,3661,0.466695629
15,31.42,3000,47.25,-7.73,3.67,35.64,37803,203,14.1,14.1,0.19,fr,thal,367,0.642215605
18,16.47,3000,47.25,-8.25,6.83,35.64,138647,200,14.1,14.1,0.19,fr,thal,368,0.97696659
0,0,3000,47.25,-8.73,11.97,35.51,143426,230,14.5,14.5,0.19,fr,thal,369,1.061046779
4,6.96,3000,47.25,-9.25,14.07,35.62,74845,231,14.4,14.4,0.19,fr,thal,370,1.098747132
3,4.44,3000,47.25,-9.73,16.52,35.59,78679,210,14.3,14.3,0.19,fr,thal,371,1.260136027
2,1.54,3000,47.25,-10.23,19.23,35.61,165983,212,13.9,13.9,0.19,fr,thal,372,1.502629194
10,12.15,4000,46.75,-8.25,3.45,35.63,99678,221,14.1,14.1,0.19,fr,thal,373,1.352910175
1,0.95,4000,46.75,-7.75,5.87,35.53,118643,204,14.3,14.3,0.19,fr,thal,374,1.098573357
23,21.64,4000,46.75,-7.23,8.6,35.52,138584,200,14.3,13.9,0.19,fr,thal,375,0.936864506
24,33.61,2000,46.75,-6.73,11.22,35.69,63958,230,14.28,13.85,0.19,fr,thal,376,0.848572659
19,17.88,2000,46.75,-6.25,13.73,35.87,130968,205,15.1,12.6,0.19,fr,thal,377,0.640094992
5,5.02,2000,46.75,-6.18,14.5,35.87,102498,205,15.1,12.6,0.19,fr,thal,3771,0.614654642
20,31.37,2000,46.75,-5.78,16.68,35.9,75839,200,15.7,14.6,0.19,fr,thal,378,0.441197397
38,49.77,2000,46.75,-5.73,17.42,35.9,90744,210,15.7,14.6,0.19,fr,thal,3781,0.422938294
75,79.99,1000,46.75,-5.22,19.93,35.67,76849,200,14.7,14.5,0.19,fr,thal,379,0.023375243
32,31.65,800,46.75,-5.12,21.02,35.67,94292,195,14.7,14.5,0.19,fr,thal,3791,0.075974513
4,5.77,163,46.75,-4.77,23.23,35.66,36190,140,14.6,13.9,0.19,fr,thal,380,0.128676119
3,4.05,158,46.75,-4.72,23.97,35.66,66650,140,14.6,13.9,0.19,fr,thal,3801,0.143225385
4,4.85,138,46.75,-4.3,2.37,35.55,25515,64,16.2,14.5,0.19,fr,thal,381,0.310312352
5,5.01,142,46.75,-4.27,2.73,35.55,40450,57,16.2,14.5,0.19,fr,thal,3811,0.329789997
3,3.44,128,46.75,-3.78,4.95,35.4,58237,75,16.5,16.5,0.19,fr,thal,382,0.539494683
4,4.1,124,46.75,-3.75,5.38,35.4,65794,71,16.5,16.5,0.19,fr,thal,3821,0.558189029
0,0,107,46.75,-3.25,7.47,34.96,68417,73,16.9,12.4,0.19,fr,thal,383,0.902716197
0,0,65,46.75,-2.75,9.67,35.02,40143,60,17.3,13.1,0.19,fr,thal,384,1.219809263
0,0,8,46.75,-2.25,11.75,34.95,117825,4,16.9,16.3,0.19,fr,thal,385,1.534818807
0,0,41,46.25,-2.23,17.62,34.53,53916,30,18.1,11.4,0.19,fr,thal,387,1.140300658
0,0,99,46.25,-2.75,20.03,35.14,52220,90,16.7,14,0.19,fr,thal,388,0.8375666
3,2.04,123,46.25,-3.25,22.13,35.26,76922,100,17,14.1,0.19,fr,thal,389,0.520643492
1,0.98,133,46.25,-3.72,0.97,35.65,49534,100,16,15.6,0.19,fr,thal,390,0.221112692
0,0,136,46.27,-3.75,1.55,35.65,47326,100,16,15.6,0.19,fr,thal,3901,0.222550175
22,23.09,205,46.25,-4.22,4.35,35.63,101815,157,15.1,15.1,0.19,fr,thal,391,0.118112083
21,20.71,237,46.25,-4.28,5.13,35.63,101540,155,15.1,15.1,0.19,fr,thal,3911,0.129990854
0,0,2500,46.25,-4.73,15.08,35.58,172984,200,14.9,14.3,0.19,fr,thal,392,0.334650054
5,5.03,114,47.23,-4.25,22.15,35.56,52013,80,16.3,15,0.19,fr,thal,399,0.718192582
3,2.34,100,47.25,-3.72,0.53,35.37,54483,80,16.4,12.4,0.19,fr,thal,400,0.994466978
0,0,64,47.25,-3.25,3.62,34.75,44944,52,16.7,12.1,0.19,fr,thal,401,1.263991843
